id,username,fullname,email,hashpassword,corsecode
192000,Alana,Chastity Mcclure,Donecmauris@Utsagis.net,dd4d66896564552479cbfc1e03227b034a7fc19b263a397a7e3bcfeb2b1a0d64,CS100,CS120,CS121,CS146,CS202
192001,Victor,Laura Goff,adipiscing.elit.Aliquam@intempus.co.uk,6c00e6ff6ea6bcc6ac122ec314eb16749ca88f03760adfb71a9de657527c6396,CS121,CS100,CS164,CS183,CS103
192002,Anna,Alfonso Pacheco,Ut.semper.pretium@necleo.ca,bf4fccd616251b678c56b9cb7a46819b1266853c180637642f5bc7d6b01f5554,CS140,CS120,CS100,CS104,CS183
192003,Dalton,Wayne Clements,Quisque@gmail.ca,7160cb6b05e199c1efcfb0238ba955b0ce24c8844b61955d2614d76eb2a7874f,CS120,CS141,CS204,CS106,CS164
192004,Damian,Claire Cantu,ut.nisi@fringilla.edu,251f765e7b59cad17c8bdae6f71705020292f246dacddc8f65cbb3cc4b8e3384,CS108,CS204,CS164,CS100,CS202
192005,Salvador,Rhea Cunningham,elit.dictum.eu@Duisrisusodio.org,5ad4a23bc13eaf92e9c035b1d3edbb92582a99f2dbe64525009755f989eedfb2,CS164,CS100,CS202
192006,Kennan,Lillian Chaney,bibendum.sed.est@Inat.com,0057304e53caf5fadbac38f2f13ede36b5530a9ddf4fd1da6b54c330dcb0ded6,CS100,CS104
192007,Hedda,Rashad Delacruz,Vivamus@sitametultricies.ca,a719690d06c9a0335dcdc4f7ee11dd8c7702269a7022f5bfca23b6c8c7489406,CS100,CS164,CS183
192008,Lester,Nell Mosley,quam.a.felis@faucibus.co.uk,70a92ab066d054cb5f896a6c59ff8e674d60de4a17f744ddce87e17d052080ba,CS140,CS120,CS100,CS104,CS183
192009,Adrian,Hall Wilson,non.sapien@doloregestasrhoncus.co.uk,c153ae91ed7a0ca4cf353f6d59fd3adf765037540b91453f7fd672cad7dbbddd,CS142,CS102,CS201,CS141
192010,Autumn,Montana Diaz,pellentesque.a@justo.net,e0906c2d6dc6d5263762d7ee5895e0544c326c26fb7f4f3163cde2d20b8f068f,CS121,CS100,CS164,CS183
192011,Andrew,Clarke Bradford,auctor.Mauris@dolor.ca,c10873196eb1124ed74461c20a67094e395f2310f6305607b9694ee6b1ee8b43,CS100,CS164
192012,Wang,Oren Thornton,pede.Praesent.eu@metuseu.ca,1c8e2c2ba9636343795f1aeee3580e19f43e94a85a7fdfb93f2e8cb93a5069f4,CS103,CS104,CS106,CS146,CS108
192013,Daphne,Bruce Kemp,Pellentissim@email.com,3daeaacf3ccefd315b1e90d894db1cb0b23c896c063bacfa2eb9b575dc3d62aa,CS102,CS201,CS141
192014,Irman,Amaya Dickerson,ligula.Donec@felisadipiscing.co.uk,120d00e69fa6d97c75fafab8fd6668f1c60e1b09bdf778f150a8f24d9f772711,CS164,CS183
192015,Leno,Coby Reynolds,turpis@ullamcorperDuiscursus.com,4a318cc43c8384a2a95d4bdd35da229268806c2c6c93800a1b68c2591dfb909d,CS164,CS100,CS202
192016,Clio,Chava Hull,dictum.augue.malesuada@sed.co.uk,49ceff998f2de0b244fd7b48bdb4b9e33ffdac7eee88da4a8a52aab48e815c49,CS183
192017,Vance,Priscilla Sharp,arcuodio@odiovel.net,f1d122510dbba1fe87a8a0950e92e56e406ced238b8c106d70a3af47d5597892,CS104,CS183
192018,Samins,Anjolie Ferguson,leo.elementum@sodales.co.uk,7ff92c1fd21088485535cd25a4542ad0b15a76f038e9034c4414fa05337ee4bd,CS204,CS164,CS100
192019,Amethyst,Ulla Gould,sem.ut@nasceturridiculus.org,12b9b4fa98370be2d2c363409593d41f58cb270852fbfb90e17d9fad5f4053e5,CS164,CS183